{"cameraMode":{"drawMode":0,"name":"Shaded","section":"Shading Mode"},"sceneLighting":false,"audioPlay":false,"sceneViewState":{"showFog":true,"showMaterialUpdate":false,"showSkybox":false,"showFlares":true,"showImageEffects":true,"showParticleSystems":true},"in2DMode":false,"pivot":{"x":0.6179999709129334,"y":0.7570000290870667,"z":-0.01499999687075615},"rotation":{"x":-0.05386863276362419,"y":0.12310116738080979,"z":-0.006692130118608475,"w":-0.9909084439277649},"size":3.771040916442871,"orthographic":false}