{"cameraMode":{"drawMode":0,"name":"Shaded","section":"Shading Mode"},"sceneLighting":false,"audioPlay":false,"sceneViewState":{"showFog":true,"showMaterialUpdate":false,"showSkybox":false,"showFlares":true,"showImageEffects":true,"showParticleSystems":true},"in2DMode":false,"pivot":{"x":0.04300001263618469,"y":0.27799999713897707,"z":0.0},"rotation":{"x":-0.05386863276362419,"y":0.12310116738080979,"z":-0.006692130118608475,"w":-0.9909084439277649},"size":1.6892969608306885,"orthographic":false}